url,page_type,title,search_intent,cluster,http_status_production,canonical,robots,in_sitemap,in_hub,in_feed,internal_links_in,editorial_status,human_approval,traffic,backlinks,cta,commercial_service,similarity_notes,disposition,journey,notes,path
/,home,Homepage CONFENGE,Homepage CONFENGE,,UNVERIFIED,https://confenge.com.br/,"index,follow",True,True,True,,,,NO_DATA,NO_DATA,,diretoria-b2g,,KEEP_AND_IMPROVE,operacao,,
/diagnostico-b2g-360/,offer,Diagnóstico da operação de licitações e contratos públicos,Diagnóstico da operação de licitações e contratos públicos,,UNVERIFIED,https://confenge.com.br/diagnostico-b2g-360/,"index,follow",True,False,False,,,,NO_DATA,NO_DATA,,diretoria-b2g,,KEEP_AND_IMPROVE,operacao,offer_id=diagnostico-b2g-360,
/diretoria-b2g/,offer,Rotina contínua de decisão em licitações e contratos públicos,Rotina contínua de decisão em licitações e contratos públicos,,UNVERIFIED,https://confenge.com.br/diretoria-b2g/,"index,follow",True,True,False,,,,NO_DATA,NO_DATA,,diretoria-b2g,,KEEP_AND_IMPROVE,operacao,offer_id=diretoria-b2g,
/bid-room-licitacoes-obras/,offer,Sala de decisão da proposta em licitação de obras,Sala de decisão da proposta em licitação de obras,,UNVERIFIED,https://confenge.com.br/bid-room-licitacoes-obras/,"index,follow",True,True,False,,,,NO_DATA,NO_DATA,,bid-room,,KEEP_AND_IMPROVE,edital,offer_id=bid-room,
/defesa-margem-contratos-publicos/,offer,Defesa técnica e proteção de margem em contratos públicos,Defesa técnica e proteção de margem em contratos públicos,,UNVERIFIED,https://confenge.com.br/defesa-margem-contratos-publicos/,"index,follow",True,True,False,,,,NO_DATA,NO_DATA,,contract-defense,,KEEP_AND_IMPROVE,contrato,offer_id=contract-defense,
/medicoes-glosas-obras-publicas/,pillar,"Medições, glosas e pagamentos em obras públicas | CONFENGE","Medições, glosas e pagamentos em obras públicas | CONFENGE",medicoes,UNVERIFIED,https://confenge.com.br/medicoes-glosas-obras-publicas/,"index,follow,max-image-preview:large,max-snippet:-1,max-video-preview:-1",True,True,False,,,,NO_DATA,NO_DATA,,contract-defense,,KEEP_AND_IMPROVE,contrato,,medicoes-glosas-obras-publicas/index.html
/aditivos-obras-publicas/,pillar,"Aditivos em obras públicas: limites, serviços extras e pleitos | CONFENGE","Aditivos em obras públicas: limites, serviços extras e pleitos | CONFENGE",aditivos,UNVERIFIED,https://confenge.com.br/aditivos-obras-publicas/,"index,follow,max-image-preview:large,max-snippet:-1,max-video-preview:-1",True,True,False,,,,NO_DATA,NO_DATA,,contract-defense,,KEEP_AND_IMPROVE,contrato,,aditivos-obras-publicas/index.html
/reequilibrio-obras-publicas/,pillar,Reequilíbrio econômico-financeiro de contratos de obras | CONFENGE,Reequilíbrio econômico-financeiro de contratos de obras | CONFENGE,reequilibrio,UNVERIFIED,https://confenge.com.br/reequilibrio-obras-publicas/,"index,follow,max-image-preview:large,max-snippet:-1,max-video-preview:-1",True,True,False,,,,NO_DATA,NO_DATA,,contract-defense,,KEEP_AND_IMPROVE,contrato,,reequilibrio-obras-publicas/index.html
/atrasos-prorrogacao-obras-publicas/,pillar,"Atrasos, prorrogação e paralisação em obras públicas | CONFENGE","Atrasos, prorrogação e paralisação em obras públicas | CONFENGE",atrasos,UNVERIFIED,https://confenge.com.br/atrasos-prorrogacao-obras-publicas/,"index,follow,max-image-preview:large,max-snippet:-1,max-video-preview:-1",True,True,False,,,,NO_DATA,NO_DATA,,contract-defense,,KEEP_AND_IMPROVE,contrato,,atrasos-prorrogacao-obras-publicas/index.html
/defesa-tecnica-contratos-publicos/,pillar,"Defesa técnica, sanções e extinção de contratos públicos | CONFENGE","Defesa técnica, sanções e extinção de contratos públicos | CONFENGE",defesa,UNVERIFIED,https://confenge.com.br/defesa-tecnica-contratos-publicos/,"index,follow,max-image-preview:large,max-snippet:-1,max-video-preview:-1",True,True,False,,,,NO_DATA,NO_DATA,,contract-defense,,KEEP_AND_IMPROVE,contrato,,defesa-tecnica-contratos-publicos/index.html
/acompanhamento-contratos-obras/,pillar,Gestão contratual e pleitos em obras públicas | CONFENGE,Gestão contratual e pleitos em obras públicas | CONFENGE,gestao,UNVERIFIED,https://confenge.com.br/acompanhamento-contratos-obras/,"index,follow,max-image-preview:large,max-snippet:-1,max-video-preview:-1",True,True,False,,,,NO_DATA,NO_DATA,,contract-defense,,KEEP_AND_IMPROVE,contrato,,acompanhamento-contratos-obras/index.html
/diagnostico-pre-licitacao/,pillar,Diagnóstico pré-licitação para obras públicas | CONFENGE,Diagnóstico pré-licitação para obras públicas | CONFENGE,edital,UNVERIFIED,https://confenge.com.br/diagnostico-pre-licitacao/,"index,follow,max-image-preview:large,max-snippet:-1,max-video-preview:-1",True,True,False,,,,NO_DATA,NO_DATA,,bid-room,,KEEP_AND_IMPROVE,edital,,diagnostico-pre-licitacao/index.html
/auditoria-orcamento-licitacao/,pillar,"Orçamento, BDI e SINAPI em obras públicas | CONFENGE","Orçamento, BDI e SINAPI em obras públicas | CONFENGE",orcamento,UNVERIFIED,https://confenge.com.br/auditoria-orcamento-licitacao/,"index,follow,max-image-preview:large,max-snippet:-1,max-video-preview:-1",True,True,False,,,,NO_DATA,NO_DATA,,bid-room,,KEEP_AND_IMPROVE,edital,,auditoria-orcamento-licitacao/index.html
/conteudos/aceleracao-obra-publica-custo-adicional/,conteudo,Aceleração imposta pela Administração: a construtora pode cobrar?,Aceleração imposta pela Administração: a construtora pode cobrar?,atrasos-prorrogacao-obras-publicas,UNVERIFIED,https://confenge.com.br/conteudos/aceleracao-obra-publica-custo-adicional/,"noindex,follow",False,False,False,,,,NO_DATA,NO_DATA,,contract-defense,,RETAIN_NOINDEX,contrato,noindex; excluded from hub/sitemap/feed after remediation; machine residue allowed offline until rewrite wave,conteudos/aceleracao-obra-publica-custo-adicional/index.html
/conteudos/aditivo-empreitada-por-preco-global/,conteudo,Aditivo em empreitada global: quando cabe,Aditivo em empreitada global: quando cabe,aditivos-obras-publicas,UNVERIFIED,https://confenge.com.br/conteudos/aditivo-empreitada-por-preco-global/,"index,follow,max-image-preview:large,max-snippet:-1,max-video-preview:-1",True,True,True,,,,NO_DATA,NO_DATA,,contract-defense,,KEEP_AND_IMPROVE,contrato,indexable library page,conteudos/aditivo-empreitada-por-preco-global/index.html
/conteudos/aditivo-qualitativo-quantitativo/,conteudo,Aditivo qualitativo ou quantitativo: a diferença que muda o pleito,Aditivo qualitativo ou quantitativo: a diferença que muda o pleito,aditivos-obras-publicas,UNVERIFIED,https://confenge.com.br/conteudos/aditivo-qualitativo-quantitativo/,"noindex,follow",False,False,False,,,,NO_DATA,NO_DATA,,contract-defense,,RETAIN_NOINDEX,contrato,noindex; excluded from hub/sitemap/feed after remediation; machine residue allowed offline until rewrite wave,conteudos/aditivo-qualitativo-quantitativo/index.html
/conteudos/administracao-local-orcamento-obra-publica/,conteudo,"Administração local no orçamento: direto, BDI ou planilha?","Administração local no orçamento: direto, BDI ou planilha?",auditoria-orcamento-licitacao,UNVERIFIED,https://confenge.com.br/conteudos/administracao-local-orcamento-obra-publica/,"index,follow,max-image-preview:large,max-snippet:-1,max-video-preview:-1",True,True,False,,,,NO_DATA,NO_DATA,,bid-room,,KEEP_AND_IMPROVE,edital,indexable library page,conteudos/administracao-local-orcamento-obra-publica/index.html
/conteudos/administracao-local-prolongada-obra-publica/,conteudo,Administração local prolongada: como estruturar o pedido de recomposição,Administração local prolongada: como estruturar o pedido de recomposição,reequilibrio-obras-publicas,UNVERIFIED,https://confenge.com.br/conteudos/administracao-local-prolongada-obra-publica/,"noindex,follow",False,False,False,,,,NO_DATA,NO_DATA,,contract-defense,,RETAIN_NOINDEX,contrato,noindex; excluded from hub/sitemap/feed after remediation; machine residue allowed offline until rewrite wave,conteudos/administracao-local-prolongada-obra-publica/index.html
/conteudos/analise-edital-obra-publica-construtora/,conteudo,10 riscos que a construtora deve encontrar antes de disputar uma obra pública,10 riscos que a construtora deve encontrar antes de disputar uma obra pública,diagnostico-pre-licitacao,UNVERIFIED,https://confenge.com.br/conteudos/analise-edital-obra-publica-construtora/,"noindex,follow",False,False,False,,,,NO_DATA,NO_DATA,,bid-room,,RETAIN_NOINDEX,edital,noindex; excluded from hub/sitemap/feed after remediation; machine residue allowed offline until rewrite wave,conteudos/analise-edital-obra-publica-construtora/index.html
/conteudos/ata-reuniao-ordem-servico-obra-publica/,conteudo,Ata de reunião pode valer como ordem de serviço?,Ata de reunião pode valer como ordem de serviço?,acompanhamento-contratos-obras,UNVERIFIED,https://confenge.com.br/conteudos/ata-reuniao-ordem-servico-obra-publica/,"noindex,follow",False,False,False,,,,NO_DATA,NO_DATA,,contract-defense,,RETAIN_NOINDEX,contrato,noindex; excluded from hub/sitemap/feed after remediation; machine residue allowed offline until rewrite wave,conteudos/ata-reuniao-ordem-servico-obra-publica/index.html
/conteudos/atraso-na-medicao-obra-publica/,conteudo,Atraso na medição: como proteger o caixa,Atraso na medição: como proteger o caixa,medicoes-glosas-obras-publicas,UNVERIFIED,https://confenge.com.br/conteudos/atraso-na-medicao-obra-publica/,"index,follow,max-image-preview:large,max-snippet:-1,max-video-preview:-1",True,True,True,,,,NO_DATA,NO_DATA,,contract-defense,,KEEP_AND_IMPROVE,contrato,indexable library page,conteudos/atraso-na-medicao-obra-publica/index.html
/conteudos/atraso-obra-culpa-administracao/,conteudo,Atraso por culpa da Administração: como provar,Atraso por culpa da Administração: como provar,atrasos-prorrogacao-obras-publicas,UNVERIFIED,https://confenge.com.br/conteudos/atraso-obra-culpa-administracao/,"index,follow,max-image-preview:large,max-snippet:-1,max-video-preview:-1",True,True,False,,,,NO_DATA,NO_DATA,,contract-defense,,KEEP_AND_IMPROVE,contrato,indexable library page,conteudos/atraso-obra-culpa-administracao/index.html
/conteudos/atraso-pagamento-contrato-publico-suspender/,conteudo,Atraso de pagamento: pode suspender a obra pública?,Atraso de pagamento: pode suspender a obra pública?,medicoes-glosas-obras-publicas,UNVERIFIED,https://confenge.com.br/conteudos/atraso-pagamento-contrato-publico-suspender/,"index,follow,max-image-preview:large,max-snippet:-1,max-video-preview:-1",True,True,True,,,,NO_DATA,NO_DATA,,contract-defense,,KEEP_AND_IMPROVE,contrato,indexable library page,conteudos/atraso-pagamento-contrato-publico-suspender/index.html
/conteudos/atraso-projeto-executivo-obra-publica/,conteudo,Projeto executivo atrasado: quem responde pelo impacto na obra?,Projeto executivo atrasado: quem responde pelo impacto na obra?,atrasos-prorrogacao-obras-publicas,UNVERIFIED,https://confenge.com.br/conteudos/atraso-projeto-executivo-obra-publica/,"noindex,follow",False,False,False,,,,NO_DATA,NO_DATA,,contract-defense,,RETAIN_NOINDEX,contrato,noindex; excluded from hub/sitemap/feed after remediation; machine residue allowed offline until rewrite wave,conteudos/atraso-projeto-executivo-obra-publica/index.html
/conteudos/auditoria-contrato-obra-publica-mensal/,conteudo,Auditoria mensal do contrato: o que revisar antes de fechar cada medição,Auditoria mensal do contrato: o que revisar antes de fechar cada medição,acompanhamento-contratos-obras,UNVERIFIED,https://confenge.com.br/conteudos/auditoria-contrato-obra-publica-mensal/,"noindex,follow",False,False,False,,,,NO_DATA,NO_DATA,,contract-defense,,RETAIN_NOINDEX,contrato,noindex; excluded from hub/sitemap/feed after remediation; machine residue allowed offline until rewrite wave,conteudos/auditoria-contrato-obra-publica-mensal/index.html
/conteudos/aumento-material-reequilibrio-contrato-publico/,conteudo,Aumento de material dá direito automático ao reequilíbrio?,Aumento de material dá direito automático ao reequilíbrio?,reequilibrio-obras-publicas,UNVERIFIED,https://confenge.com.br/conteudos/aumento-material-reequilibrio-contrato-publico/,"noindex,follow",False,False,False,,,,NO_DATA,NO_DATA,,contract-defense,,RETAIN_NOINDEX,contrato,noindex; excluded from hub/sitemap/feed after remediation; machine residue allowed offline until rewrite wave,conteudos/aumento-material-reequilibrio-contrato-publico/index.html
/conteudos/bdi-diferenciado-obra-publica/,conteudo,BDI diferenciado em materiais e equipamentos: quando usar,BDI diferenciado em materiais e equipamentos: quando usar,auditoria-orcamento-licitacao,UNVERIFIED,https://confenge.com.br/conteudos/bdi-diferenciado-obra-publica/,"index,follow,max-image-preview:large,max-snippet:-1,max-video-preview:-1",True,True,False,,,,NO_DATA,NO_DATA,,bid-room,,KEEP_AND_IMPROVE,edital,indexable library page,conteudos/bdi-diferenciado-obra-publica/index.html
/conteudos/bdi-obra-publica/,conteudo,BDI errado pode destruir a margem da obra pública,BDI errado pode destruir a margem da obra pública,auditoria-orcamento-licitacao,UNVERIFIED,https://confenge.com.br/conteudos/bdi-obra-publica/,"noindex,follow",False,False,False,,,,NO_DATA,NO_DATA,,bid-room,,RETAIN_NOINDEX,edital,noindex; excluded from hub/sitemap/feed after remediation; machine residue allowed offline until rewrite wave,conteudos/bdi-obra-publica/index.html
/conteudos/calculo-reequilibrio-economico-financeiro/,conteudo,Como calcular o impacto financeiro de um pedido de reequilíbrio,Como calcular o impacto financeiro de um pedido de reequilíbrio,reequilibrio-obras-publicas,UNVERIFIED,https://confenge.com.br/conteudos/calculo-reequilibrio-economico-financeiro/,"noindex,follow",False,False,False,,,,NO_DATA,NO_DATA,,contract-defense,,RETAIN_NOINDEX,contrato,noindex; excluded from hub/sitemap/feed after remediation; machine residue allowed offline until rewrite wave,conteudos/calculo-reequilibrio-economico-financeiro/index.html
/conteudos/capacidade-tecnica-operacional-profissional-licitacao/,conteudo,Atestado técnico: capacidade operacional e profissional não são a mesma coisa,Atestado técnico: capacidade operacional e profissional não são a mesma coisa,diagnostico-pre-licitacao,UNVERIFIED,https://confenge.com.br/conteudos/capacidade-tecnica-operacional-profissional-licitacao/,"noindex,follow",False,False,False,,,,NO_DATA,NO_DATA,,bid-room,,RETAIN_NOINDEX,edital,noindex; excluded from hub/sitemap/feed after remediation; machine residue allowed offline until rewrite wave,conteudos/capacidade-tecnica-operacional-profissional-licitacao/index.html
/conteudos/chuva-prorrogacao-prazo-obra-publica/,conteudo,Chuva justifica prorrogação de prazo em obra pública?,Chuva justifica prorrogação de prazo em obra pública?,atrasos-prorrogacao-obras-publicas,UNVERIFIED,https://confenge.com.br/conteudos/chuva-prorrogacao-prazo-obra-publica/,"noindex,follow",False,False,False,,,,NO_DATA,NO_DATA,,contract-defense,,RETAIN_NOINDEX,contrato,noindex; excluded from hub/sitemap/feed after remediation; machine residue allowed offline until rewrite wave,conteudos/chuva-prorrogacao-prazo-obra-publica/index.html
/conteudos/clausula-matriz-risco-abusiva-edital/,conteudo,Cláusula de risco abusiva no edital: como identificar antes da proposta,Cláusula de risco abusiva no edital: como identificar antes da proposta,diagnostico-pre-licitacao,UNVERIFIED,https://confenge.com.br/conteudos/clausula-matriz-risco-abusiva-edital/,"noindex,follow",False,False,False,,,,NO_DATA,NO_DATA,,bid-room,,RETAIN_NOINDEX,edital,noindex; excluded from hub/sitemap/feed after remediation; machine residue allowed offline until rewrite wave,conteudos/clausula-matriz-risco-abusiva-edital/index.html
/conteudos/como-provar-atraso-obra-publica/,conteudo,Como provar que o atraso da obra não foi responsabilidade da empresa,Como provar que o atraso da obra não foi responsabilidade da empresa,atrasos-prorrogacao-obras-publicas,UNVERIFIED,https://confenge.com.br/conteudos/como-provar-atraso-obra-publica/,"noindex,follow",False,False,False,,,,NO_DATA,NO_DATA,,contract-defense,,RETAIN_NOINDEX,contrato,noindex; excluded from hub/sitemap/feed after remediation; machine residue allowed offline until rewrite wave,conteudos/como-provar-atraso-obra-publica/index.html
/conteudos/compensacao-acrescimo-supressao-aditivo/,conteudo,Acréscimos e supressões podem ser compensados no mesmo aditivo?,Acréscimos e supressões podem ser compensados no mesmo aditivo?,aditivos-obras-publicas,UNVERIFIED,https://confenge.com.br/conteudos/compensacao-acrescimo-supressao-aditivo/,"noindex,follow",False,False,False,,,,NO_DATA,NO_DATA,,contract-defense,,RETAIN_NOINDEX,contrato,noindex; excluded from hub/sitemap/feed after remediation; machine residue allowed offline until rewrite wave,conteudos/compensacao-acrescimo-supressao-aditivo/index.html
/conteudos/composicao-propria-preco-obra-publica/,conteudo,Composição própria de preço: como justificar perante a Administração,Composição própria de preço: como justificar perante a Administração,auditoria-orcamento-licitacao,UNVERIFIED,https://confenge.com.br/conteudos/composicao-propria-preco-obra-publica/,"noindex,follow",False,False,False,,,,NO_DATA,NO_DATA,,bid-room,,RETAIN_NOINDEX,edital,noindex; excluded from hub/sitemap/feed after remediation; machine residue allowed offline until rewrite wave,conteudos/composicao-propria-preco-obra-publica/index.html
/conteudos/comprovacao-exequibilidade-proposta-obra/,conteudo,Comprovar exequibilidade sem fragilizar a planilha,Comprovar exequibilidade sem fragilizar a planilha,diagnostico-pre-licitacao,UNVERIFIED,https://confenge.com.br/conteudos/comprovacao-exequibilidade-proposta-obra/,"index,follow,max-image-preview:large,max-snippet:-1,max-video-preview:-1",True,True,False,,,,NO_DATA,NO_DATA,,bid-room,,KEEP_AND_IMPROVE,edital,indexable library page,conteudos/comprovacao-exequibilidade-proposta-obra/index.html
/conteudos/comunicacao-fiscal-contrato-obra-publica/,conteudo,Comunicação ao fiscal: como escrever sem admitir culpa ou renunciar a direitos,Comunicação ao fiscal: como escrever sem admitir culpa ou renunciar a direitos,acompanhamento-contratos-obras,UNVERIFIED,https://confenge.com.br/conteudos/comunicacao-fiscal-contrato-obra-publica/,"noindex,follow",False,False,False,,,,NO_DATA,NO_DATA,,contract-defense,,RETAIN_NOINDEX,contrato,noindex; excluded from hub/sitemap/feed after remediation; machine residue allowed offline until rewrite wave,conteudos/comunicacao-fiscal-contrato-obra-publica/index.html
/conteudos/consorcio-subcontratacao-obra-publica/,conteudo,Consórcio ou subcontratação: qual estrutura reduz o risco da licitação?,Consórcio ou subcontratação: qual estrutura reduz o risco da licitação?,diagnostico-pre-licitacao,UNVERIFIED,https://confenge.com.br/conteudos/consorcio-subcontratacao-obra-publica/,"noindex,follow",False,False,False,,,,NO_DATA,NO_DATA,,bid-room,,RETAIN_NOINDEX,edital,noindex; excluded from hub/sitemap/feed after remediation; machine residue allowed offline until rewrite wave,conteudos/consorcio-subcontratacao-obra-publica/index.html
/conteudos/consultoria-b2g-engenharia-construtora/,conteudo,Equipe interna ou consultoria B2G: qual modelo faz sentido para a construtora?,Equipe interna ou consultoria B2G: qual modelo faz sentido para a construtora?,acompanhamento-contratos-obras,UNVERIFIED,https://confenge.com.br/conteudos/consultoria-b2g-engenharia-construtora/,"noindex,follow",False,False,False,,,,NO_DATA,NO_DATA,,contract-defense,,RETAIN_NOINDEX,contrato,noindex; excluded from hub/sitemap/feed after remediation; machine residue allowed offline until rewrite wave,conteudos/consultoria-b2g-engenharia-construtora/index.html
/conteudos/consultoria-contrato-obra-publica-construtora/,conteudo,Quando contratar consultoria externa para uma obra pública,Quando contratar consultoria externa para uma obra pública,acompanhamento-contratos-obras,UNVERIFIED,https://confenge.com.br/conteudos/consultoria-contrato-obra-publica-construtora/,"noindex,follow",False,False,False,,,,NO_DATA,NO_DATA,,contract-defense,,RETAIN_NOINDEX,contrato,noindex; excluded from hub/sitemap/feed after remediation; machine residue allowed offline until rewrite wave,conteudos/consultoria-contrato-obra-publica-construtora/index.html
/conteudos/contratacao-integrada-semi-integrada-obra/,conteudo,Contratação integrada e semi-integrada: onde está o risco da construtora,Contratação integrada e semi-integrada: onde está o risco da construtora,diagnostico-pre-licitacao,UNVERIFIED,https://confenge.com.br/conteudos/contratacao-integrada-semi-integrada-obra/,"noindex,follow",False,False,False,,,,NO_DATA,NO_DATA,,bid-room,,RETAIN_NOINDEX,edital,noindex; excluded from hub/sitemap/feed after remediation; machine residue allowed offline until rewrite wave,conteudos/contratacao-integrada-semi-integrada-obra/index.html
/conteudos/controle-mudancas-obra-publica/,conteudo,Controle de mudanças na obra pública: a planilha que evita serviços gratuitos,Controle de mudanças na obra pública: a planilha que evita serviços gratuitos,acompanhamento-contratos-obras,UNVERIFIED,https://confenge.com.br/conteudos/controle-mudancas-obra-publica/,"noindex,follow",False,False,False,,,,NO_DATA,NO_DATA,,contract-defense,,RETAIN_NOINDEX,contrato,noindex; excluded from hub/sitemap/feed after remediation; machine residue allowed offline until rewrite wave,conteudos/controle-mudancas-obra-publica/index.html
/conteudos/cotacao-mercado-orcamento-obra-publica/,conteudo,Cotação de mercado em obra pública: como evitar três propostas inúteis,Cotação de mercado em obra pública: como evitar três propostas inúteis,auditoria-orcamento-licitacao,UNVERIFIED,https://confenge.com.br/conteudos/cotacao-mercado-orcamento-obra-publica/,"noindex,follow",False,False,False,,,,NO_DATA,NO_DATA,,bid-room,,RETAIN_NOINDEX,edital,noindex; excluded from hub/sitemap/feed after remediation; machine residue allowed offline until rewrite wave,conteudos/cotacao-mercado-orcamento-obra-publica/index.html
/conteudos/criterio-de-medicao-nao-previsto-contrato/,conteudo,A fiscalização pode criar critério de medição que não está no contrato?,A fiscalização pode criar critério de medição que não está no contrato?,medicoes-glosas-obras-publicas,UNVERIFIED,https://confenge.com.br/conteudos/criterio-de-medicao-nao-previsto-contrato/,"noindex,follow",False,False,False,,,,NO_DATA,NO_DATA,,contract-defense,,RETAIN_NOINDEX,contrato,noindex; excluded from hub/sitemap/feed after remediation; machine residue allowed offline until rewrite wave,conteudos/criterio-de-medicao-nao-previsto-contrato/index.html
/conteudos/cronograma-fisico-financeiro-obra-publica/,conteudo,Cronograma físico-financeiro do edital: cinco sinais de fluxo de caixa impossível,Cronograma físico-financeiro do edital: cinco sinais de fluxo de caixa impossível,diagnostico-pre-licitacao,UNVERIFIED,https://confenge.com.br/conteudos/cronograma-fisico-financeiro-obra-publica/,"noindex,follow",False,False,False,,,,NO_DATA,NO_DATA,,bid-room,,RETAIN_NOINDEX,edital,noindex; excluded from hub/sitemap/feed after remediation; machine residue allowed offline until rewrite wave,conteudos/cronograma-fisico-financeiro-obra-publica/index.html
/conteudos/cronologia-contrato-obra-publica/,conteudo,Como montar a cronologia de um contrato para encontrar dinheiro perdido,Como montar a cronologia de um contrato para encontrar dinheiro perdido,acompanhamento-contratos-obras,UNVERIFIED,https://confenge.com.br/conteudos/cronologia-contrato-obra-publica/,"noindex,follow",False,False,False,,,,NO_DATA,NO_DATA,,contract-defense,,RETAIN_NOINDEX,contrato,noindex; excluded from hub/sitemap/feed after remediation; machine residue allowed offline until rewrite wave,conteudos/cronologia-contrato-obra-publica/index.html
/conteudos/culpa-sancao-atraso-contrato-publico/,conteudo,Sem culpa não há sanção? Como provar as causas externas do atraso,Sem culpa não há sanção? Como provar as causas externas do atraso,defesa-tecnica-contratos-publicos,UNVERIFIED,https://confenge.com.br/conteudos/culpa-sancao-atraso-contrato-publico/,"noindex,follow",False,False,False,,,,NO_DATA,NO_DATA,,contract-defense,,RETAIN_NOINDEX,contrato,noindex; excluded from hub/sitemap/feed after remediation; machine residue allowed offline until rewrite wave,conteudos/culpa-sancao-atraso-contrato-publico/index.html
/conteudos/curva-abc-orcamento-obra/,conteudo,Curva ABC da obra: como encontrar os itens que podem quebrar o contrato,Curva ABC da obra: como encontrar os itens que podem quebrar o contrato,auditoria-orcamento-licitacao,UNVERIFIED,https://confenge.com.br/conteudos/curva-abc-orcamento-obra/,"noindex,follow",False,False,False,,,,NO_DATA,NO_DATA,,bid-room,,RETAIN_NOINDEX,edital,noindex; excluded from hub/sitemap/feed after remediation; machine residue allowed offline until rewrite wave,conteudos/curva-abc-orcamento-obra/index.html
/conteudos/curva-abc-reequilibrio-contrato/,conteudo,Como usar a Curva ABC para provar desequilíbrio do contrato,Como usar a Curva ABC para provar desequilíbrio do contrato,reequilibrio-obras-publicas,UNVERIFIED,https://confenge.com.br/conteudos/curva-abc-reequilibrio-contrato/,"noindex,follow",False,False,False,,,,NO_DATA,NO_DATA,,contract-defense,,RETAIN_NOINDEX,contrato,noindex; excluded from hub/sitemap/feed after remediation; machine residue allowed offline until rewrite wave,conteudos/curva-abc-reequilibrio-contrato/index.html
/conteudos/custos-indiretos-atraso-administracao-obra/,conteudo,Atraso da Administração gera reequilíbrio dos custos indiretos?,Atraso da Administração gera reequilíbrio dos custos indiretos?,reequilibrio-obras-publicas,UNVERIFIED,https://confenge.com.br/conteudos/custos-indiretos-atraso-administracao-obra/,"noindex,follow",False,False,False,,,,NO_DATA,NO_DATA,,contract-defense,,RETAIN_NOINDEX,contrato,noindex; excluded from hub/sitemap/feed after remediation; machine residue allowed offline until rewrite wave,conteudos/custos-indiretos-atraso-administracao-obra/index.html
/conteudos/data-base-orcamento-reajuste-obra-publica/,conteudo,Data-base e reajuste: onde se perde margem,Data-base e reajuste: onde se perde margem,auditoria-orcamento-licitacao,UNVERIFIED,https://confenge.com.br/conteudos/data-base-orcamento-reajuste-obra-publica/,"index,follow,max-image-preview:large,max-snippet:-1,max-video-preview:-1",True,True,False,,,,NO_DATA,NO_DATA,,bid-room,,KEEP_AND_IMPROVE,edital,indexable library page,conteudos/data-base-orcamento-reajuste-obra-publica/index.html
/conteudos/defesa-processo-sancionador-contrato-publico/,conteudo,Defesa prévia em processo sancionador: 8 erros que enfraquecem a empresa,Defesa prévia em processo sancionador: 8 erros que enfraquecem a empresa,defesa-tecnica-contratos-publicos,UNVERIFIED,https://confenge.com.br/conteudos/defesa-processo-sancionador-contrato-publico/,"noindex,follow",False,False,False,,,,NO_DATA,NO_DATA,,contract-defense,,RETAIN_NOINDEX,contrato,noindex; excluded from hub/sitemap/feed after remediation; machine residue allowed offline until rewrite wave,conteudos/defesa-processo-sancionador-contrato-publico/index.html
/conteudos/demolicao-nao-prevista-obra-publica/,conteudo,Demolição não prevista em obra pública: como cobrar,Demolição não prevista em obra pública: como cobrar,aditivos-obras-publicas,UNVERIFIED,https://confenge.com.br/conteudos/demolicao-nao-prevista-obra-publica/,"index,follow,max-image-preview:large,max-snippet:-1,max-video-preview:-1",True,True,False,,,,NO_DATA,NO_DATA,,contract-defense,,KEEP_AND_IMPROVE,contrato,indexable library page,conteudos/demolicao-nao-prevista-obra-publica/index.html
/conteudos/demora-decisao-administracao-contrato-obra/,conteudo,A Administração demorou a decidir: quem paga o custo da espera?,A Administração demorou a decidir: quem paga o custo da espera?,atrasos-prorrogacao-obras-publicas,UNVERIFIED,https://confenge.com.br/conteudos/demora-decisao-administracao-contrato-obra/,"noindex,follow",False,False,False,,,,NO_DATA,NO_DATA,,contract-defense,,RETAIN_NOINDEX,contrato,noindex; excluded from hub/sitemap/feed after remediation; machine residue allowed offline until rewrite wave,conteudos/demora-decisao-administracao-contrato-obra/index.html
/conteudos/desagio-licitacao-obra-publica/,conteudo,Deságio alto em licitação de obra: quando a proposta vira uma armadilha,Deságio alto em licitação de obra: quando a proposta vira uma armadilha,auditoria-orcamento-licitacao,UNVERIFIED,https://confenge.com.br/conteudos/desagio-licitacao-obra-publica/,"noindex,follow",False,False,False,,,,NO_DATA,NO_DATA,,bid-room,,RETAIN_NOINDEX,edital,noindex; excluded from hub/sitemap/feed after remediation; machine residue allowed offline until rewrite wave,conteudos/desagio-licitacao-obra-publica/index.html
/conteudos/desconto-da-proposta-em-item-novo-aditivo/,conteudo,Item novo no aditivo: aplica o desconto da licitação?,Item novo no aditivo: aplica o desconto da licitação?,aditivos-obras-publicas,UNVERIFIED,https://confenge.com.br/conteudos/desconto-da-proposta-em-item-novo-aditivo/,"index,follow,max-image-preview:large,max-snippet:-1,max-video-preview:-1",True,True,False,,,,NO_DATA,NO_DATA,,contract-defense,,KEEP_AND_IMPROVE,contrato,indexable library page,conteudos/desconto-da-proposta-em-item-novo-aditivo/index.html
/conteudos/diario-de-obra-pleito-contrato-publico/,conteudo,Diário de obra que sustenta pleitos: o que registrar todos os dias,Diário de obra que sustenta pleitos: o que registrar todos os dias,acompanhamento-contratos-obras,UNVERIFIED,https://confenge.com.br/conteudos/diario-de-obra-pleito-contrato-publico/,"noindex,follow",False,False,False,,,,NO_DATA,NO_DATA,,contract-defense,,RETAIN_NOINDEX,contrato,noindex; excluded from hub/sitemap/feed after remediation; machine residue allowed offline until rewrite wave,conteudos/diario-de-obra-pleito-contrato-publico/index.html
/conteudos/divergencia-diario-obra-fiscalizacao/,conteudo,Diário de obra contradiz a fiscalização: qual registro prevalece?,Diário de obra contradiz a fiscalização: qual registro prevalece?,defesa-tecnica-contratos-publicos,UNVERIFIED,https://confenge.com.br/conteudos/divergencia-diario-obra-fiscalizacao/,"noindex,follow",False,False,False,,,,NO_DATA,NO_DATA,,contract-defense,,RETAIN_NOINDEX,contrato,noindex; excluded from hub/sitemap/feed after remediation; machine residue allowed offline until rewrite wave,conteudos/divergencia-diario-obra-fiscalizacao/index.html
/conteudos/divergencia-quantitativo-medicao-as-built/,conteudo,Quantitativo medido diverge do as built: como resolver sem perder dinheiro,Quantitativo medido diverge do as built: como resolver sem perder dinheiro,medicoes-glosas-obras-publicas,UNVERIFIED,https://confenge.com.br/conteudos/divergencia-quantitativo-medicao-as-built/,"noindex,follow",False,False,False,,,,NO_DATA,NO_DATA,,contract-defense,,RETAIN_NOINDEX,contrato,noindex; excluded from hub/sitemap/feed after remediation; machine residue allowed offline until rewrite wave,conteudos/divergencia-quantitativo-medicao-as-built/index.html
/conteudos/documentos-reequilibrio-obra-publica/,conteudo,Documentos essenciais para pedir reequilíbrio em obra pública,Documentos essenciais para pedir reequilíbrio em obra pública,reequilibrio-obras-publicas,UNVERIFIED,https://confenge.com.br/conteudos/documentos-reequilibrio-obra-publica/,"noindex,follow",False,False,False,,,,NO_DATA,NO_DATA,,contract-defense,,RETAIN_NOINDEX,contrato,noindex; excluded from hub/sitemap/feed after remediation; machine residue allowed offline until rewrite wave,conteudos/documentos-reequilibrio-obra-publica/index.html
/conteudos/dosimetria-multa-contrato-administrativo/,conteudo,Multa desproporcional: como questionar a dosimetria da sanção,Multa desproporcional: como questionar a dosimetria da sanção,defesa-tecnica-contratos-publicos,UNVERIFIED,https://confenge.com.br/conteudos/dosimetria-multa-contrato-administrativo/,"noindex,follow",False,False,False,,,,NO_DATA,NO_DATA,,contract-defense,,RETAIN_NOINDEX,contrato,noindex; excluded from hub/sitemap/feed after remediation; machine residue allowed offline until rewrite wave,conteudos/dosimetria-multa-contrato-administrativo/index.html
/conteudos/empreitada-preco-global-preco-unitario/,conteudo,Empreitada global ou unitária: qual regime é mais arriscado?,Empreitada global ou unitária: qual regime é mais arriscado?,diagnostico-pre-licitacao,UNVERIFIED,https://confenge.com.br/conteudos/empreitada-preco-global-preco-unitario/,"index,follow,max-image-preview:large,max-snippet:-1,max-video-preview:-1",True,True,False,,,,NO_DATA,NO_DATA,,bid-room,,KEEP_AND_IMPROVE,edital,indexable library page,conteudos/empreitada-preco-global-preco-unitario/index.html
/conteudos/erro-de-projeto-gera-aditivo-obra-publica/,conteudo,Erro de projeto em obra pública gera aditivo ou é risco da construtora?,Erro de projeto em obra pública gera aditivo ou é risco da construtora?,aditivos-obras-publicas,UNVERIFIED,https://confenge.com.br/conteudos/erro-de-projeto-gera-aditivo-obra-publica/,"noindex,follow",False,False,False,,,,NO_DATA,NO_DATA,,contract-defense,,RETAIN_NOINDEX,contrato,noindex; excluded from hub/sitemap/feed after remediation; machine residue allowed offline until rewrite wave,conteudos/erro-de-projeto-gera-aditivo-obra-publica/index.html
/conteudos/erros-comunicacao-contrato-publico-construtora/,conteudo,Cinco frases que a construtora não deveria escrever ao fiscal,Cinco frases que a construtora não deveria escrever ao fiscal,acompanhamento-contratos-obras,UNVERIFIED,https://confenge.com.br/conteudos/erros-comunicacao-contrato-publico-construtora/,"noindex,follow",False,False,False,,,,NO_DATA,NO_DATA,,contract-defense,,RETAIN_NOINDEX,contrato,noindex; excluded from hub/sitemap/feed after remediation; machine residue allowed offline until rewrite wave,conteudos/erros-comunicacao-contrato-publico-construtora/index.html
/conteudos/evento-previsivel-consequencias-incalculaveis-reequilibrio/,conteudo,Evento previsível também pode gerar reequilíbrio?,Evento previsível também pode gerar reequilíbrio?,reequilibrio-obras-publicas,UNVERIFIED,https://confenge.com.br/conteudos/evento-previsivel-consequencias-incalculaveis-reequilibrio/,"noindex,follow",False,False,False,,,,NO_DATA,NO_DATA,,contract-defense,,RETAIN_NOINDEX,contrato,noindex; excluded from hub/sitemap/feed after remediation; machine residue allowed offline until rewrite wave,conteudos/evento-previsivel-consequencias-incalculaveis-reequilibrio/index.html
/conteudos/extincao-contrato-culpa-administracao/,conteudo,A construtora pode pedir a extinção do contrato por culpa da Administração?,A construtora pode pedir a extinção do contrato por culpa da Administração?,defesa-tecnica-contratos-publicos,UNVERIFIED,https://confenge.com.br/conteudos/extincao-contrato-culpa-administracao/,"noindex,follow",False,False,False,,,,NO_DATA,NO_DATA,,contract-defense,,RETAIN_NOINDEX,contrato,noindex; excluded from hub/sitemap/feed after remediation; machine residue allowed offline until rewrite wave,conteudos/extincao-contrato-culpa-administracao/index.html
/conteudos/extincao-contrato-obra-publica-pelo-contratado/,conteudo,"Abandonar, suspender ou pedir extinção: como decidir num contrato inviável","Abandonar, suspender ou pedir extinção: como decidir num contrato inviável",atrasos-prorrogacao-obras-publicas,UNVERIFIED,https://confenge.com.br/conteudos/extincao-contrato-obra-publica-pelo-contratado/,"noindex,follow",False,False,False,,,,NO_DATA,NO_DATA,,contract-defense,,RETAIN_NOINDEX,contrato,noindex; excluded from hub/sitemap/feed after remediation; machine residue allowed offline until rewrite wave,conteudos/extincao-contrato-obra-publica-pelo-contratado/index.html
/conteudos/fiscal-mandou-executar-sem-aditivo/,conteudo,"O fiscal mandou executar, mas não formalizou: o que a construtora deve fazer?","O fiscal mandou executar, mas não formalizou: o que a construtora deve fazer?",aditivos-obras-publicas,UNVERIFIED,https://confenge.com.br/conteudos/fiscal-mandou-executar-sem-aditivo/,"noindex,follow",False,False,False,,,,NO_DATA,NO_DATA,,contract-defense,,RETAIN_NOINDEX,contrato,noindex; excluded from hub/sitemap/feed after remediation; machine residue allowed offline until rewrite wave,conteudos/fiscal-mandou-executar-sem-aditivo/index.html
/conteudos/fiscal-nao-assina-medicao-obra-publica/,conteudo,Fiscal não assina medição: o que fazer nas primeiras 48h,Fiscal não assina medição: o que fazer nas primeiras 48h,medicoes-glosas-obras-publicas,UNVERIFIED,https://confenge.com.br/conteudos/fiscal-nao-assina-medicao-obra-publica/,"index,follow,max-image-preview:large,max-snippet:-1,max-video-preview:-1",True,True,True,,,,NO_DATA,NO_DATA,,contract-defense,,KEEP_AND_IMPROVE,contrato,indexable library page,conteudos/fiscal-nao-assina-medicao-obra-publica/index.html
/conteudos/frente-de-servico-nao-liberada-obra/,conteudo,Frente de serviço não liberada: como registrar e cobrar o impacto,Frente de serviço não liberada: como registrar e cobrar o impacto,atrasos-prorrogacao-obras-publicas,UNVERIFIED,https://confenge.com.br/conteudos/frente-de-servico-nao-liberada-obra/,"noindex,follow",False,False,False,,,,NO_DATA,NO_DATA,,contract-defense,,RETAIN_NOINDEX,contrato,noindex; excluded from hub/sitemap/feed after remediation; machine residue allowed offline until rewrite wave,conteudos/frente-de-servico-nao-liberada-obra/index.html
/conteudos/garantia-proposta-licitacao-obra/,conteudo,Garantia da proposta e seguro-garantia: quanto custa errar na licitação,Garantia da proposta e seguro-garantia: quanto custa errar na licitação,diagnostico-pre-licitacao,UNVERIFIED,https://confenge.com.br/conteudos/garantia-proposta-licitacao-obra/,"noindex,follow",False,False,False,,,,NO_DATA,NO_DATA,,bid-room,,RETAIN_NOINDEX,edital,noindex; excluded from hub/sitemap/feed after remediation; machine residue allowed offline until rewrite wave,conteudos/garantia-proposta-licitacao-obra/index.html
/conteudos/gestao-contrato-obra-publica-indicadores/,conteudo,Dashboard de contrato público: os 12 indicadores que o dono precisa ver,Dashboard de contrato público: os 12 indicadores que o dono precisa ver,acompanhamento-contratos-obras,UNVERIFIED,https://confenge.com.br/conteudos/gestao-contrato-obra-publica-indicadores/,"noindex,follow",False,False,False,,,,NO_DATA,NO_DATA,,contract-defense,,RETAIN_NOINDEX,contrato,noindex; excluded from hub/sitemap/feed after remediation; machine residue allowed offline until rewrite wave,conteudos/gestao-contrato-obra-publica-indicadores/index.html
/conteudos/glosa-de-medicao-obra-publica/,conteudo,Glosa indevida em obra pública: como contestar tecnicamente,Glosa indevida em obra pública: como contestar tecnicamente,medicoes-glosas-obras-publicas,UNVERIFIED,https://confenge.com.br/conteudos/glosa-de-medicao-obra-publica/,"noindex,follow",False,False,False,,,,NO_DATA,NO_DATA,,contract-defense,,RETAIN_NOINDEX,contrato,noindex; excluded from hub/sitemap/feed after remediation; machine residue allowed offline until rewrite wave,conteudos/glosa-de-medicao-obra-publica/index.html
/conteudos/glosa-por-qualidade-obra-publica/,conteudo,Glosa por qualidade: pode glosar a medição inteira?,Glosa por qualidade: pode glosar a medição inteira?,medicoes-glosas-obras-publicas,UNVERIFIED,https://confenge.com.br/conteudos/glosa-por-qualidade-obra-publica/,"index,follow,max-image-preview:large,max-snippet:-1,max-video-preview:-1",True,True,True,,,,NO_DATA,NO_DATA,,contract-defense,,KEEP_AND_IMPROVE,contrato,indexable library page,conteudos/glosa-por-qualidade-obra-publica/index.html
/conteudos/impedimento-de-licitar-construtora/,conteudo,Impedimento de licitar: quais fatos realmente colocam a construtora em risco,Impedimento de licitar: quais fatos realmente colocam a construtora em risco,defesa-tecnica-contratos-publicos,UNVERIFIED,https://confenge.com.br/conteudos/impedimento-de-licitar-construtora/,"noindex,follow",False,False,False,,,,NO_DATA,NO_DATA,,contract-defense,,RETAIN_NOINDEX,contrato,noindex; excluded from hub/sitemap/feed after remediation; machine residue allowed offline until rewrite wave,conteudos/impedimento-de-licitar-construtora/index.html
/conteudos/indenizacao-servico-extracontratual-obra-publica/,conteudo,Indenização por serviço extracontratual: quando o aditivo já não é possível,Indenização por serviço extracontratual: quando o aditivo já não é possível,aditivos-obras-publicas,UNVERIFIED,https://confenge.com.br/conteudos/indenizacao-servico-extracontratual-obra-publica/,"noindex,follow",False,False,False,,,,NO_DATA,NO_DATA,,contract-defense,,RETAIN_NOINDEX,contrato,noindex; excluded from hub/sitemap/feed after remediation; machine residue allowed offline until rewrite wave,conteudos/indenizacao-servico-extracontratual-obra-publica/index.html
/conteudos/interferencia-concessionaria-obra-publica-atraso/,conteudo,Interferência de concessionária atrasou a obra: de quem é o risco?,Interferência de concessionária atrasou a obra: de quem é o risco?,atrasos-prorrogacao-obras-publicas,UNVERIFIED,https://confenge.com.br/conteudos/interferencia-concessionaria-obra-publica-atraso/,"noindex,follow",False,False,False,,,,NO_DATA,NO_DATA,,contract-defense,,RETAIN_NOINDEX,contrato,noindex; excluded from hub/sitemap/feed after remediation; machine residue allowed offline until rewrite wave,conteudos/interferencia-concessionaria-obra-publica-atraso/index.html
/conteudos/jogo-de-planilha-aditivo-obra-publica/,conteudo,Jogo de planilha no aditivo: como evitar que o desconto destrua a margem,Jogo de planilha no aditivo: como evitar que o desconto destrua a margem,aditivos-obras-publicas,UNVERIFIED,https://confenge.com.br/conteudos/jogo-de-planilha-aditivo-obra-publica/,"noindex,follow",False,False,False,,,,NO_DATA,NO_DATA,,contract-defense,,RETAIN_NOINDEX,contrato,noindex; excluded from hub/sitemap/feed after remediation; machine residue allowed offline until rewrite wave,conteudos/jogo-de-planilha-aditivo-obra-publica/index.html
/conteudos/juros-atraso-pagamento-contrato-administrativo/,conteudo,Juros e correção por atraso de pagamento: como calcular e cobrar,Juros e correção por atraso de pagamento: como calcular e cobrar,medicoes-glosas-obras-publicas,UNVERIFIED,https://confenge.com.br/conteudos/juros-atraso-pagamento-contrato-administrativo/,"noindex,follow",False,False,False,,,,NO_DATA,NO_DATA,,contract-defense,,RETAIN_NOINDEX,contrato,noindex; excluded from hub/sitemap/feed after remediation; machine residue allowed offline until rewrite wave,conteudos/juros-atraso-pagamento-contrato-administrativo/index.html
/conteudos/limite-aditivo-25-50-obra-publica/,conteudo,Limite de aditivo 25% e 50%: o que conta na Lei 14.133,Limite de aditivo 25% e 50%: o que conta na Lei 14.133,aditivos-obras-publicas,UNVERIFIED,https://confenge.com.br/conteudos/limite-aditivo-25-50-obra-publica/,"index,follow,max-image-preview:large,max-snippet:-1,max-video-preview:-1",True,True,True,,,,NO_DATA,NO_DATA,,contract-defense,,KEEP_AND_IMPROVE,contrato,indexable library page,conteudos/limite-aditivo-25-50-obra-publica/index.html
/conteudos/manutencao-habilitacao-contrato-publico/,conteudo,Perda das condições de habilitação durante o contrato: o que acontece?,Perda das condições de habilitação durante o contrato: o que acontece?,defesa-tecnica-contratos-publicos,UNVERIFIED,https://confenge.com.br/conteudos/manutencao-habilitacao-contrato-publico/,"noindex,follow",False,False,False,,,,NO_DATA,NO_DATA,,contract-defense,,RETAIN_NOINDEX,contrato,noindex; excluded from hub/sitemap/feed after remediation; machine residue allowed offline until rewrite wave,conteudos/manutencao-habilitacao-contrato-publico/index.html
/conteudos/matriz-de-riscos-obra-publica/,conteudo,Matriz de riscos em obra pública: quem paga pelo imprevisto?,Matriz de riscos em obra pública: quem paga pelo imprevisto?,diagnostico-pre-licitacao,UNVERIFIED,https://confenge.com.br/conteudos/matriz-de-riscos-obra-publica/,"noindex,follow",False,False,False,,,,NO_DATA,NO_DATA,,bid-room,,RETAIN_NOINDEX,edital,noindex; excluded from hub/sitemap/feed after remediation; machine residue allowed offline until rewrite wave,conteudos/matriz-de-riscos-obra-publica/index.html
/conteudos/matriz-de-riscos-reequilibrio-economico-financeiro/,conteudo,Matriz de riscos pode impedir o reequilíbrio econômico-financeiro?,Matriz de riscos pode impedir o reequilíbrio econômico-financeiro?,reequilibrio-obras-publicas,UNVERIFIED,https://confenge.com.br/conteudos/matriz-de-riscos-reequilibrio-economico-financeiro/,"index,follow,max-image-preview:large,max-snippet:-1,max-video-preview:-1",True,True,False,,,,NO_DATA,NO_DATA,,contract-defense,,KEEP_AND_IMPROVE,contrato,indexable library page,conteudos/matriz-de-riscos-reequilibrio-economico-financeiro/index.html
/conteudos/medicao-de-obra-publica-rejeitada/,conteudo,Medição de obra pública rejeitada: o que fazer nas primeiras 48 horas,Medição de obra pública rejeitada: o que fazer nas primeiras 48 horas,medicoes-glosas-obras-publicas,UNVERIFIED,https://confenge.com.br/conteudos/medicao-de-obra-publica-rejeitada/,"noindex,follow",False,False,False,,,,NO_DATA,NO_DATA,,contract-defense,,RETAIN_NOINDEX,contrato,noindex; excluded from hub/sitemap/feed after remediation; machine residue allowed offline until rewrite wave,conteudos/medicao-de-obra-publica-rejeitada/index.html
/conteudos/medicao-por-evento-obra-publica/,conteudo,Medição por evento ou quantitativo: o que muda,Medição por evento ou quantitativo: o que muda,medicoes-glosas-obras-publicas,UNVERIFIED,https://confenge.com.br/conteudos/medicao-por-evento-obra-publica/,"index,follow,max-image-preview:large,max-snippet:-1,max-video-preview:-1",True,True,True,,,,NO_DATA,NO_DATA,,contract-defense,,KEEP_AND_IMPROVE,contrato,indexable library page,conteudos/medicao-por-evento-obra-publica/index.html
/conteudos/mobilizacao-desmobilizacao-orcamento-obra/,conteudo,Como calcular mobilização e desmobilização na proposta,Como calcular mobilização e desmobilização na proposta,auditoria-orcamento-licitacao,UNVERIFIED,https://confenge.com.br/conteudos/mobilizacao-desmobilizacao-orcamento-obra/,"index,follow,max-image-preview:large,max-snippet:-1,max-video-preview:-1",True,True,False,,,,NO_DATA,NO_DATA,,bid-room,,KEEP_AND_IMPROVE,edital,indexable library page,conteudos/mobilizacao-desmobilizacao-orcamento-obra/index.html
/conteudos/mudanca-metodo-construtivo-obra-publica-aditivo/,conteudo,Mudança do método construtivo: quem paga a diferença?,Mudança do método construtivo: quem paga a diferença?,aditivos-obras-publicas,UNVERIFIED,https://confenge.com.br/conteudos/mudanca-metodo-construtivo-obra-publica-aditivo/,"noindex,follow",False,False,False,,,,NO_DATA,NO_DATA,,contract-defense,,RETAIN_NOINDEX,contrato,noindex; excluded from hub/sitemap/feed after remediation; machine residue allowed offline until rewrite wave,conteudos/mudanca-metodo-construtivo-obra-publica-aditivo/index.html
/conteudos/multa-atraso-parcial-contrato-publico/,conteudo,Atraso na entrega parcial pode gerar multa sobre o contrato inteiro?,Atraso na entrega parcial pode gerar multa sobre o contrato inteiro?,defesa-tecnica-contratos-publicos,UNVERIFIED,https://confenge.com.br/conteudos/multa-atraso-parcial-contrato-publico/,"noindex,follow",False,False,False,,,,NO_DATA,NO_DATA,,contract-defense,,RETAIN_NOINDEX,contrato,noindex; excluded from hub/sitemap/feed after remediation; machine residue allowed offline until rewrite wave,conteudos/multa-atraso-parcial-contrato-publico/index.html
/conteudos/multa-contrato-obra-publica-defesa/,conteudo,Multa em contrato de obra pública: quando pode ser contestada,Multa em contrato de obra pública: quando pode ser contestada,defesa-tecnica-contratos-publicos,UNVERIFIED,https://confenge.com.br/conteudos/multa-contrato-obra-publica-defesa/,"noindex,follow",False,False,False,,,,NO_DATA,NO_DATA,,contract-defense,,RETAIN_NOINDEX,contrato,noindex; excluded from hub/sitemap/feed after remediation; machine residue allowed offline until rewrite wave,conteudos/multa-contrato-obra-publica-defesa/index.html
/conteudos/notas-fiscais-reequilibrio-contrato/,conteudo,Notas fiscais ou índices oficiais: qual prova é mais forte no reequilíbrio?,Notas fiscais ou índices oficiais: qual prova é mais forte no reequilíbrio?,reequilibrio-obras-publicas,UNVERIFIED,https://confenge.com.br/conteudos/notas-fiscais-reequilibrio-contrato/,"noindex,follow",False,False,False,,,,NO_DATA,NO_DATA,,contract-defense,,RETAIN_NOINDEX,contrato,noindex; excluded from hub/sitemap/feed after remediation; machine residue allowed offline until rewrite wave,conteudos/notas-fiscais-reequilibrio-contrato/index.html
/conteudos/notificacao-impacto-prazo-custo-obra/,conteudo,Notificação de impacto: quando avisar que um evento afetará prazo e custo,Notificação de impacto: quando avisar que um evento afetará prazo e custo,acompanhamento-contratos-obras,UNVERIFIED,https://confenge.com.br/conteudos/notificacao-impacto-prazo-custo-obra/,"noindex,follow",False,False,False,,,,NO_DATA,NO_DATA,,contract-defense,,RETAIN_NOINDEX,contrato,noindex; excluded from hub/sitemap/feed after remediation; machine residue allowed offline until rewrite wave,conteudos/notificacao-impacto-prazo-custo-obra/index.html
/conteudos/orcamento-incompleto-edital-obra-publica/,conteudo,"Edital com orçamento incompleto: participar, pedir esclarecimento ou impugnar?","Edital com orçamento incompleto: participar, pedir esclarecimento ou impugnar?",diagnostico-pre-licitacao,UNVERIFIED,https://confenge.com.br/conteudos/orcamento-incompleto-edital-obra-publica/,"noindex,follow",False,False,False,,,,NO_DATA,NO_DATA,,bid-room,,RETAIN_NOINDEX,edital,noindex; excluded from hub/sitemap/feed after remediation; machine residue allowed offline until rewrite wave,conteudos/orcamento-incompleto-edital-obra-publica/index.html
/conteudos/orcamento-sigiloso-licitacao-obra/,conteudo,Orçamento sigiloso: como precificar sem conhecer o teto da Administração,Orçamento sigiloso: como precificar sem conhecer o teto da Administração,diagnostico-pre-licitacao,UNVERIFIED,https://confenge.com.br/conteudos/orcamento-sigiloso-licitacao-obra/,"noindex,follow",False,False,False,,,,NO_DATA,NO_DATA,,bid-room,,RETAIN_NOINDEX,edital,noindex; excluded from hub/sitemap/feed after remediation; machine residue allowed offline until rewrite wave,conteudos/orcamento-sigiloso-licitacao-obra/index.html
/conteudos/ordem-paralisacao-obra-publica-custos/,conteudo,Ordem de paralisação: quais custos a construtora deve registrar,Ordem de paralisação: quais custos a construtora deve registrar,atrasos-prorrogacao-obras-publicas,UNVERIFIED,https://confenge.com.br/conteudos/ordem-paralisacao-obra-publica-custos/,"noindex,follow",False,False,False,,,,NO_DATA,NO_DATA,,contract-defense,,RETAIN_NOINDEX,contrato,noindex; excluded from hub/sitemap/feed after remediation; machine residue allowed offline until rewrite wave,conteudos/ordem-paralisacao-obra-publica-custos/index.html
/conteudos/pagamento-contrato-publico-certidao-vencida/,conteudo,Nota fiscal bloqueada por certidão: a Administração pode reter tudo?,Nota fiscal bloqueada por certidão: a Administração pode reter tudo?,medicoes-glosas-obras-publicas,UNVERIFIED,https://confenge.com.br/conteudos/pagamento-contrato-publico-certidao-vencida/,"noindex,follow",False,False,False,,,,NO_DATA,NO_DATA,,contract-defense,,RETAIN_NOINDEX,contrato,noindex; excluded from hub/sitemap/feed after remediation; machine residue allowed offline until rewrite wave,conteudos/pagamento-contrato-publico-certidao-vencida/index.html
/conteudos/pagamento-parcial-etapa-empreitada-global/,conteudo,Pagamento parcial em empreitada global: quando vale,Pagamento parcial em empreitada global: quando vale,medicoes-glosas-obras-publicas,UNVERIFIED,https://confenge.com.br/conteudos/pagamento-parcial-etapa-empreitada-global/,"index,follow,max-image-preview:large,max-snippet:-1,max-video-preview:-1",True,True,True,,,,NO_DATA,NO_DATA,,contract-defense,,KEEP_AND_IMPROVE,contrato,indexable library page,conteudos/pagamento-parcial-etapa-empreitada-global/index.html
/conteudos/parcela-incontroversa-medicao-contrato-publico/,conteudo,Há controvérsia na medição: a parcela incontroversa deve ser paga?,Há controvérsia na medição: a parcela incontroversa deve ser paga?,medicoes-glosas-obras-publicas,UNVERIFIED,https://confenge.com.br/conteudos/parcela-incontroversa-medicao-contrato-publico/,"noindex,follow",False,False,False,,,,NO_DATA,NO_DATA,,contract-defense,,RETAIN_NOINDEX,contrato,noindex; excluded from hub/sitemap/feed after remediation; machine residue allowed offline until rewrite wave,conteudos/parcela-incontroversa-medicao-contrato-publico/index.html
/conteudos/pedido-de-reequilibrio-negado/,conteudo,Pedido de reequilíbrio negado: 7 falhas que destroem o pleito,Pedido de reequilíbrio negado: 7 falhas que destroem o pleito,reequilibrio-obras-publicas,UNVERIFIED,https://confenge.com.br/conteudos/pedido-de-reequilibrio-negado/,"noindex,follow",False,False,False,,,,NO_DATA,NO_DATA,,contract-defense,,RETAIN_NOINDEX,contrato,noindex; excluded from hub/sitemap/feed after remediation; machine residue allowed offline until rewrite wave,conteudos/pedido-de-reequilibrio-negado/index.html
/conteudos/pedido-prorrogacao-prazo-antes-vencimento/,conteudo,O pedido de prorrogação precisa ser feito antes do prazo acabar?,O pedido de prorrogação precisa ser feito antes do prazo acabar?,atrasos-prorrogacao-obras-publicas,UNVERIFIED,https://confenge.com.br/conteudos/pedido-prorrogacao-prazo-antes-vencimento/,"noindex,follow",False,False,False,,,,NO_DATA,NO_DATA,,contract-defense,,RETAIN_NOINDEX,contrato,noindex; excluded from hub/sitemap/feed after remediation; machine residue allowed offline until rewrite wave,conteudos/pedido-prorrogacao-prazo-antes-vencimento/index.html
/conteudos/plano-recuperacao-obra-atrasada/,conteudo,Plano de recuperação após notificação: como demonstrar capacidade de concluir,Plano de recuperação após notificação: como demonstrar capacidade de concluir,defesa-tecnica-contratos-publicos,UNVERIFIED,https://confenge.com.br/conteudos/plano-recuperacao-obra-atrasada/,"noindex,follow",False,False,False,,,,NO_DATA,NO_DATA,,contract-defense,,RETAIN_NOINDEX,contrato,noindex; excluded from hub/sitemap/feed after remediation; machine residue allowed offline until rewrite wave,conteudos/plano-recuperacao-obra-atrasada/index.html
/conteudos/pleito-tecnico-obra-publica/,conteudo,Pleito técnico em obra pública: estrutura que facilita a análise e a decisão,Pleito técnico em obra pública: estrutura que facilita a análise e a decisão,acompanhamento-contratos-obras,UNVERIFIED,https://confenge.com.br/conteudos/pleito-tecnico-obra-publica/,"noindex,follow",False,False,False,,,,NO_DATA,NO_DATA,,contract-defense,,RETAIN_NOINDEX,contrato,noindex; excluded from hub/sitemap/feed after remediation; machine residue allowed offline until rewrite wave,conteudos/pleito-tecnico-obra-publica/index.html
/conteudos/prazo-vigencia-prazo-execucao-contrato-obra/,conteudo,Prazo de vigência e prazo de execução: a diferença que trava obras,Prazo de vigência e prazo de execução: a diferença que trava obras,atrasos-prorrogacao-obras-publicas,UNVERIFIED,https://confenge.com.br/conteudos/prazo-vigencia-prazo-execucao-contrato-obra/,"noindex,follow",False,False,False,,,,NO_DATA,NO_DATA,,contract-defense,,RETAIN_NOINDEX,contrato,noindex; excluded from hub/sitemap/feed after remediation; machine residue allowed offline until rewrite wave,conteudos/prazo-vigencia-prazo-execucao-contrato-obra/index.html
/conteudos/preco-de-item-novo-aditivo-obra-publica/,conteudo,Item novo sem SINAPI ou SICRO: como formar o preço do aditivo,Item novo sem SINAPI ou SICRO: como formar o preço do aditivo,aditivos-obras-publicas,UNVERIFIED,https://confenge.com.br/conteudos/preco-de-item-novo-aditivo-obra-publica/,"noindex,follow",False,False,False,,,,NO_DATA,NO_DATA,,contract-defense,,RETAIN_NOINDEX,contrato,noindex; excluded from hub/sitemap/feed after remediation; machine residue allowed offline until rewrite wave,conteudos/preco-de-item-novo-aditivo-obra-publica/index.html
/conteudos/preco-unitario-acima-referencia-proposta-global/,conteudo,Preço unitário acima do referencial com proposta global menor: pode?,Preço unitário acima do referencial com proposta global menor: pode?,auditoria-orcamento-licitacao,UNVERIFIED,https://confenge.com.br/conteudos/preco-unitario-acima-referencia-proposta-global/,"noindex,follow",False,False,False,,,,NO_DATA,NO_DATA,,bid-room,,RETAIN_NOINDEX,edital,noindex; excluded from hub/sitemap/feed after remediation; machine residue allowed offline until rewrite wave,conteudos/preco-unitario-acima-referencia-proposta-global/index.html
/conteudos/produtividade-sinapi-obra-publica/,conteudo,Coeficiente de produtividade do SINAPI: quando ele não representa a obra,Coeficiente de produtividade do SINAPI: quando ele não representa a obra,auditoria-orcamento-licitacao,UNVERIFIED,https://confenge.com.br/conteudos/produtividade-sinapi-obra-publica/,"noindex,follow",False,False,False,,,,NO_DATA,NO_DATA,,bid-room,,RETAIN_NOINDEX,edital,noindex; excluded from hub/sitemap/feed after remediation; machine residue allowed offline until rewrite wave,conteudos/produtividade-sinapi-obra-publica/index.html
/conteudos/projeto-basico-incompleto-obra-publica/,conteudo,Projeto básico incompleto: até onde vai o risco da construtora?,Projeto básico incompleto: até onde vai o risco da construtora?,diagnostico-pre-licitacao,UNVERIFIED,https://confenge.com.br/conteudos/projeto-basico-incompleto-obra-publica/,"noindex,follow",False,False,False,,,,NO_DATA,NO_DATA,,bid-room,,RETAIN_NOINDEX,edital,noindex; excluded from hub/sitemap/feed after remediation; machine residue allowed offline until rewrite wave,conteudos/projeto-basico-incompleto-obra-publica/index.html
/conteudos/proposta-inexequivel-obra-publica-lei-14133/,conteudo,Proposta inexequível na Lei 14.133: como a construtora deve se defender,Proposta inexequível na Lei 14.133: como a construtora deve se defender,auditoria-orcamento-licitacao,UNVERIFIED,https://confenge.com.br/conteudos/proposta-inexequivel-obra-publica-lei-14133/,"noindex,follow",False,False,False,,,,NO_DATA,NO_DATA,,bid-room,,RETAIN_NOINDEX,edital,noindex; excluded from hub/sitemap/feed after remediation; machine residue allowed offline until rewrite wave,conteudos/proposta-inexequivel-obra-publica-lei-14133/index.html
/conteudos/prorrogacao-prazo-obra-publica-documentos/,conteudo,Prorrogação de prazo: documentos que não podem faltar,Prorrogação de prazo: documentos que não podem faltar,atrasos-prorrogacao-obras-publicas,UNVERIFIED,https://confenge.com.br/conteudos/prorrogacao-prazo-obra-publica-documentos/,"index,follow,max-image-preview:large,max-snippet:-1,max-video-preview:-1",True,True,False,,,,NO_DATA,NO_DATA,,contract-defense,,KEEP_AND_IMPROVE,contrato,indexable library page,conteudos/prorrogacao-prazo-obra-publica-documentos/index.html
/conteudos/prova-custos-adicionais-obra-publica/,conteudo,Como provar custos adicionais sem depender apenas de notas fiscais,Como provar custos adicionais sem depender apenas de notas fiscais,acompanhamento-contratos-obras,UNVERIFIED,https://confenge.com.br/conteudos/prova-custos-adicionais-obra-publica/,"noindex,follow",False,False,False,,,,NO_DATA,NO_DATA,,contract-defense,,RETAIN_NOINDEX,contrato,noindex; excluded from hub/sitemap/feed after remediation; machine residue allowed offline until rewrite wave,conteudos/prova-custos-adicionais-obra-publica/index.html
/conteudos/prova-de-medicao-diario-de-obra-fotos/,conteudo,Fotos e diário de obra bastam para provar uma medição?,Fotos e diário de obra bastam para provar uma medição?,medicoes-glosas-obras-publicas,UNVERIFIED,https://confenge.com.br/conteudos/prova-de-medicao-diario-de-obra-fotos/,"noindex,follow",False,False,False,,,,NO_DATA,NO_DATA,,contract-defense,,RETAIN_NOINDEX,contrato,noindex; excluded from hub/sitemap/feed after remediation; machine residue allowed offline until rewrite wave,conteudos/prova-de-medicao-diario-de-obra-fotos/index.html
/conteudos/quantitativo-insuficiente-planilha-obra-publica/,conteudo,Quantitativo insuficiente na planilha: quando cabe aditivo?,Quantitativo insuficiente na planilha: quando cabe aditivo?,aditivos-obras-publicas,UNVERIFIED,https://confenge.com.br/conteudos/quantitativo-insuficiente-planilha-obra-publica/,"noindex,follow",False,False,False,,,,NO_DATA,NO_DATA,,contract-defense,,RETAIN_NOINDEX,contrato,noindex; excluded from hub/sitemap/feed after remediation; machine residue allowed offline until rewrite wave,conteudos/quantitativo-insuficiente-planilha-obra-publica/index.html
/conteudos/reajuste-repactuacao-reequilibrio-diferenca/,conteudo,"Reajuste, repactuação e reequilíbrio: qual se aplica à obra pública?","Reajuste, repactuação e reequilíbrio: qual se aplica à obra pública?",reequilibrio-obras-publicas,UNVERIFIED,https://confenge.com.br/conteudos/reajuste-repactuacao-reequilibrio-diferenca/,"noindex,follow",False,False,False,,,,NO_DATA,NO_DATA,,contract-defense,,RETAIN_NOINDEX,contrato,noindex; excluded from hub/sitemap/feed after remediation; machine residue allowed offline until rewrite wave,conteudos/reajuste-repactuacao-reequilibrio-diferenca/index.html
/conteudos/recuperar-contrato-obra-publica-problematico/,conteudo,Plano de 30 dias para recuperar o controle de um contrato público problemático,Plano de 30 dias para recuperar o controle de um contrato público problemático,acompanhamento-contratos-obras,UNVERIFIED,https://confenge.com.br/conteudos/recuperar-contrato-obra-publica-problematico/,"noindex,follow",False,False,False,,,,NO_DATA,NO_DATA,,contract-defense,,RETAIN_NOINDEX,contrato,noindex; excluded from hub/sitemap/feed after remediation; machine residue allowed offline until rewrite wave,conteudos/recuperar-contrato-obra-publica-problematico/index.html
/conteudos/recurso-inabilitacao-tecnica-licitacao/,conteudo,Inabilitação técnica: como decidir entre recurso e correção da estratégia,Inabilitação técnica: como decidir entre recurso e correção da estratégia,diagnostico-pre-licitacao,UNVERIFIED,https://confenge.com.br/conteudos/recurso-inabilitacao-tecnica-licitacao/,"noindex,follow",False,False,False,,,,NO_DATA,NO_DATA,,bid-room,,RETAIN_NOINDEX,edital,noindex; excluded from hub/sitemap/feed after remediation; machine residue allowed offline until rewrite wave,conteudos/recurso-inabilitacao-tecnica-licitacao/index.html
/conteudos/reequilibrio-antes-da-prorrogacao-contrato/,conteudo,Pedido de reequilíbrio deve ser feito antes da prorrogação?,Pedido de reequilíbrio deve ser feito antes da prorrogação?,reequilibrio-obras-publicas,UNVERIFIED,https://confenge.com.br/conteudos/reequilibrio-antes-da-prorrogacao-contrato/,"noindex,follow",False,False,False,,,,NO_DATA,NO_DATA,,contract-defense,,RETAIN_NOINDEX,contrato,noindex; excluded from hub/sitemap/feed after remediation; machine residue allowed offline until rewrite wave,conteudos/reequilibrio-antes-da-prorrogacao-contrato/index.html
/conteudos/reequilibrio-apos-fim-do-contrato/,conteudo,É possível reconhecer reequilíbrio depois do fim do contrato?,É possível reconhecer reequilíbrio depois do fim do contrato?,reequilibrio-obras-publicas,UNVERIFIED,https://confenge.com.br/conteudos/reequilibrio-apos-fim-do-contrato/,"noindex,follow",False,False,False,,,,NO_DATA,NO_DATA,,contract-defense,,RETAIN_NOINDEX,contrato,noindex; excluded from hub/sitemap/feed after remediation; machine residue allowed offline until rewrite wave,conteudos/reequilibrio-apos-fim-do-contrato/index.html
/conteudos/reequilibrio-economico-financeiro-obra-publica/,conteudo,Contrato de obra pública virou prejuízo: quando cabe reequilíbrio?,Contrato de obra pública virou prejuízo: quando cabe reequilíbrio?,reequilibrio-obras-publicas,UNVERIFIED,https://confenge.com.br/conteudos/reequilibrio-economico-financeiro-obra-publica/,"noindex,follow",False,False,False,,,,NO_DATA,NO_DATA,,contract-defense,,RETAIN_NOINDEX,contrato,noindex; excluded from hub/sitemap/feed after remediation; machine residue allowed offline until rewrite wave,conteudos/reequilibrio-economico-financeiro-obra-publica/index.html
/conteudos/reequilibrio-empreitada-preco-global/,conteudo,Reequilíbrio em empreitada global: o preço fechado elimina o direito?,Reequilíbrio em empreitada global: o preço fechado elimina o direito?,reequilibrio-obras-publicas,UNVERIFIED,https://confenge.com.br/conteudos/reequilibrio-empreitada-preco-global/,"noindex,follow",False,False,False,,,,NO_DATA,NO_DATA,,contract-defense,,RETAIN_NOINDEX,contrato,noindex; excluded from hub/sitemap/feed after remediation; machine residue allowed offline until rewrite wave,conteudos/reequilibrio-empreitada-preco-global/index.html
/conteudos/registro-contemporaneo-pleito-obra/,conteudo,Registro contemporâneo: por que documento criado depois vale menos,Registro contemporâneo: por que documento criado depois vale menos,acompanhamento-contratos-obras,UNVERIFIED,https://confenge.com.br/conteudos/registro-contemporaneo-pleito-obra/,"noindex,follow",False,False,False,,,,NO_DATA,NO_DATA,,contract-defense,,RETAIN_NOINDEX,contrato,noindex; excluded from hub/sitemap/feed after remediation; machine residue allowed offline until rewrite wave,conteudos/registro-contemporaneo-pleito-obra/index.html
/conteudos/reprogramacao-cronograma-obra-publica/,conteudo,Reprogramação do cronograma: como evitar assumir atraso alheio,Reprogramação do cronograma: como evitar assumir atraso alheio,atrasos-prorrogacao-obras-publicas,UNVERIFIED,https://confenge.com.br/conteudos/reprogramacao-cronograma-obra-publica/,"noindex,follow",False,False,False,,,,NO_DATA,NO_DATA,,contract-defense,,RETAIN_NOINDEX,contrato,noindex; excluded from hub/sitemap/feed after remediation; machine residue allowed offline until rewrite wave,conteudos/reprogramacao-cronograma-obra-publica/index.html
/conteudos/rescisao-unilateral-contrato-obra-publica/,conteudo,Rescisão unilateral da obra pública: como reagir antes que seja tarde,Rescisão unilateral da obra pública: como reagir antes que seja tarde,defesa-tecnica-contratos-publicos,UNVERIFIED,https://confenge.com.br/conteudos/rescisao-unilateral-contrato-obra-publica/,"noindex,follow",False,False,False,,,,NO_DATA,NO_DATA,,contract-defense,,RETAIN_NOINDEX,contrato,noindex; excluded from hub/sitemap/feed after remediation; machine residue allowed offline until rewrite wave,conteudos/rescisao-unilateral-contrato-obra-publica/index.html
/conteudos/resposta-notificacao-atraso-obra-publica/,conteudo,Notificação por atraso: como montar a resposta,Notificação por atraso: como montar a resposta,defesa-tecnica-contratos-publicos,UNVERIFIED,https://confenge.com.br/conteudos/resposta-notificacao-atraso-obra-publica/,"index,follow,max-image-preview:large,max-snippet:-1,max-video-preview:-1",True,True,False,,,,NO_DATA,NO_DATA,,contract-defense,,KEEP_AND_IMPROVE,contrato,indexable library page,conteudos/resposta-notificacao-atraso-obra-publica/index.html
/conteudos/seguro-garantia-execucao-contrato-publico/,conteudo,Seguro-garantia pode ser acionado antes do fim da defesa?,Seguro-garantia pode ser acionado antes do fim da defesa?,defesa-tecnica-contratos-publicos,UNVERIFIED,https://confenge.com.br/conteudos/seguro-garantia-execucao-contrato-publico/,"noindex,follow",False,False,False,,,,NO_DATA,NO_DATA,,contract-defense,,RETAIN_NOINDEX,contrato,noindex; excluded from hub/sitemap/feed after remediation; machine residue allowed offline until rewrite wave,conteudos/seguro-garantia-execucao-contrato-publico/index.html
/conteudos/servico-executado-sem-projeto-aprovado/,conteudo,Serviço executado sem projeto aprovado pode entrar na medição?,Serviço executado sem projeto aprovado pode entrar na medição?,medicoes-glosas-obras-publicas,UNVERIFIED,https://confenge.com.br/conteudos/servico-executado-sem-projeto-aprovado/,"noindex,follow",False,False,False,,,,NO_DATA,NO_DATA,,contract-defense,,RETAIN_NOINDEX,contrato,noindex; excluded from hub/sitemap/feed after remediation; machine residue allowed offline until rewrite wave,conteudos/servico-executado-sem-projeto-aprovado/index.html
/conteudos/servico-executado-sem-termo-aditivo/,conteudo,A construtora executou sem termo aditivo: ainda é possível receber?,A construtora executou sem termo aditivo: ainda é possível receber?,aditivos-obras-publicas,UNVERIFIED,https://confenge.com.br/conteudos/servico-executado-sem-termo-aditivo/,"noindex,follow",False,False,False,,,,NO_DATA,NO_DATA,,contract-defense,,RETAIN_NOINDEX,contrato,noindex; excluded from hub/sitemap/feed after remediation; machine residue allowed offline until rewrite wave,conteudos/servico-executado-sem-termo-aditivo/index.html
/conteudos/servico-nao-previsto-na-planilha-obra-publica/,conteudo,Serviço não previsto na planilha da obra pública: quem deve pagar?,Serviço não previsto na planilha da obra pública: quem deve pagar?,aditivos-obras-publicas,UNVERIFIED,https://confenge.com.br/conteudos/servico-nao-previsto-na-planilha-obra-publica/,"noindex,follow",False,False,False,,,,NO_DATA,NO_DATA,,contract-defense,,RETAIN_NOINDEX,contrato,noindex; excluded from hub/sitemap/feed after remediation; machine residue allowed offline until rewrite wave,conteudos/servico-nao-previsto-na-planilha-obra-publica/index.html
/conteudos/sinapi-desonerado-nao-desonerado/,conteudo,SINAPI desonerado ou não desonerado: qual usar?,SINAPI desonerado ou não desonerado: qual usar?,auditoria-orcamento-licitacao,UNVERIFIED,https://confenge.com.br/conteudos/sinapi-desonerado-nao-desonerado/,"index,follow,max-image-preview:large,max-snippet:-1,max-video-preview:-1",True,True,False,,,,NO_DATA,NO_DATA,,bid-room,,KEEP_AND_IMPROVE,edital,indexable library page,conteudos/sinapi-desonerado-nao-desonerado/index.html
/conteudos/sinapi-ou-sicro-obra-publica/,conteudo,SINAPI ou SICRO: qual referência vale em cada serviço?,SINAPI ou SICRO: qual referência vale em cada serviço?,auditoria-orcamento-licitacao,UNVERIFIED,https://confenge.com.br/conteudos/sinapi-ou-sicro-obra-publica/,"index,follow,max-image-preview:large,max-snippet:-1,max-video-preview:-1",True,True,False,,,,NO_DATA,NO_DATA,,bid-room,,KEEP_AND_IMPROVE,edital,indexable library page,conteudos/sinapi-ou-sicro-obra-publica/index.html
/conteudos/subcontratacao-obra-publica-autorizacao/,conteudo,Subcontratação sem autorização: quando vira risco de sanção,Subcontratação sem autorização: quando vira risco de sanção,defesa-tecnica-contratos-publicos,UNVERIFIED,https://confenge.com.br/conteudos/subcontratacao-obra-publica-autorizacao/,"noindex,follow",False,False,False,,,,NO_DATA,NO_DATA,,contract-defense,,RETAIN_NOINDEX,contrato,noindex; excluded from hub/sitemap/feed after remediation; machine residue allowed offline until rewrite wave,conteudos/subcontratacao-obra-publica-autorizacao/index.html
/conteudos/suspensao-execucao-contrato-publico-contratado/,conteudo,Quando a construtora pode suspender a execução do contrato público?,Quando a construtora pode suspender a execução do contrato público?,atrasos-prorrogacao-obras-publicas,UNVERIFIED,https://confenge.com.br/conteudos/suspensao-execucao-contrato-publico-contratado/,"noindex,follow",False,False,False,,,,NO_DATA,NO_DATA,,contract-defense,,RETAIN_NOINDEX,contrato,noindex; excluded from hub/sitemap/feed after remediation; machine residue allowed offline until rewrite wave,conteudos/suspensao-execucao-contrato-publico-contratado/index.html
/conteudos/tributos-bdi-obra-publica/,conteudo,Tributos no BDI: os erros que fazem a construtora pagar para trabalhar,Tributos no BDI: os erros que fazem a construtora pagar para trabalhar,auditoria-orcamento-licitacao,UNVERIFIED,https://confenge.com.br/conteudos/tributos-bdi-obra-publica/,"noindex,follow",False,False,False,,,,NO_DATA,NO_DATA,,bid-room,,RETAIN_NOINDEX,edital,noindex; excluded from hub/sitemap/feed after remediation; machine residue allowed offline until rewrite wave,conteudos/tributos-bdi-obra-publica/index.html
/conteudos/troca-responsavel-tecnico-contrato-publico/,conteudo,Troca de responsável técnico durante a obra: como evitar penalidades,Troca de responsável técnico durante a obra: como evitar penalidades,defesa-tecnica-contratos-publicos,UNVERIFIED,https://confenge.com.br/conteudos/troca-responsavel-tecnico-contrato-publico/,"noindex,follow",False,False,False,,,,NO_DATA,NO_DATA,,contract-defense,,RETAIN_NOINDEX,contrato,noindex; excluded from hub/sitemap/feed after remediation; machine residue allowed offline until rewrite wave,conteudos/troca-responsavel-tecnico-contrato-publico/index.html
/conteudos/visita-tecnica-licitacao-obra-publica/,conteudo,Visita técnica facultativa: renunciar pode virar problema depois?,Visita técnica facultativa: renunciar pode virar problema depois?,diagnostico-pre-licitacao,UNVERIFIED,https://confenge.com.br/conteudos/visita-tecnica-licitacao-obra-publica/,"noindex,follow",False,False,False,,,,NO_DATA,NO_DATA,,bid-room,,RETAIN_NOINDEX,edital,noindex; excluded from hub/sitemap/feed after remediation; machine residue allowed offline until rewrite wave,conteudos/visita-tecnica-licitacao-obra-publica/index.html
/guias-contratos-obras/checklist-pedido-aditivo/,editorial,Checklist de pedido de aditivo em obra pública,checklist aditivo obra,checklist pedido aditivo obra,UNVERIFIED,https://confenge.com.br/guias-contratos-obras/checklist-pedido-aditivo/,"index,follow",True,False,False,,INDEXABLE,HUMAN_APPROVED (registry on branch; do not auto-extend),NO_DATA,NO_DATA,Validar o dossiê de aditivo com a CONFENGE,,,KEEP_AND_IMPROVE,contrato,Wave 1 — approval path is Tiago-only (PR #10),
/guias-contratos-obras/documentos-pedido-reequilibrio/,editorial,Documentos para pedido de reequilíbrio em obra pública,documentos reequilibrio obra,documentos reequilíbrio obra,UNVERIFIED,https://confenge.com.br/guias-contratos-obras/documentos-pedido-reequilibrio/,"index,follow",True,False,False,,INDEXABLE,HUMAN_APPROVED (registry on branch; do not auto-extend),NO_DATA,NO_DATA,Revisar o dossiê de reequilíbrio,,,KEEP_AND_IMPROVE,pagamento,Wave 1 — approval path is Tiago-only (PR #10),
/guias-contratos-obras/contestar-glosa-medicao/,editorial,Documentos para contestar glosa de medição em obra pública,contestar glosa medicao,contestar glosa medição,UNVERIFIED,https://confenge.com.br/guias-contratos-obras/contestar-glosa-medicao/,"index,follow",True,False,False,,INDEXABLE,HUMAN_APPROVED (registry on branch; do not auto-extend),NO_DATA,NO_DATA,Organizar a contestação da glosa e a parcela incontroversa,,,KEEP_AND_IMPROVE,medicao,Wave 1 — approval path is Tiago-only (PR #10),
/guias-contratos-obras/responder-notificacao-atraso/,editorial,Como responder notificação por atraso em obra pública,resposta notificacao atraso obra,responder notificação atraso obra,UNVERIFIED,https://confenge.com.br/guias-contratos-obras/responder-notificacao-atraso/,"index,follow",True,False,False,,INDEXABLE,HUMAN_APPROVED (registry on branch; do not auto-extend),NO_DATA,NO_DATA,Estruturar a resposta à notificação de atraso,,,KEEP_AND_IMPROVE,prazo,Wave 1 — approval path is Tiago-only (PR #10),
/jurisprudencia-contratos-obras/tcu-sumula-260-art-obras/,editorial,"Súmula TCU 260: ART em projeto, fiscalização e execução de obras",sumula tcu 260 ART,súmula TCU 260 ART obras,UNVERIFIED,https://confenge.com.br/jurisprudencia-contratos-obras/tcu-sumula-260-art-obras/,"noindex,follow",False,False,False,,REJECTED,REJECTED,NO_DATA,NO_DATA,Revisar o pacote de ARTs e responsabilidades do contrato,,,BLOCKED_MISSING_EVIDENCE,contrato,Wave 1 — approval path is Tiago-only (PR #10),
/lei-14133-obras/art-124-alteracao-contratual-obra/,editorial,Art. 124 da Lei 14.133: quando o aditivo de obra é unilateral ou por acordo,art. 124 aditivo obra,aditivo alteração contratual obra,UNVERIFIED,https://confenge.com.br/lei-14133-obras/art-124-alteracao-contratual-obra/,"index,follow",True,False,False,,INDEXABLE,HUMAN_APPROVED (registry on branch; do not auto-extend),NO_DATA,NO_DATA,Avaliar se esta alteração exige aditivo unilateral ou acordo,,,KEEP_AND_IMPROVE,contrato,Wave 1 — approval path is Tiago-only (PR #10),
/lei-14133-obras/atraso-imputavel-administracao/,editorial,Atraso imputável à Administração na Lei 14.133: prova e efeitos na obra,atraso imputavel administracao,atraso administração obra pública,UNVERIFIED,https://confenge.com.br/lei-14133-obras/atraso-imputavel-administracao/,"index,follow",True,False,False,,INDEXABLE,HUMAN_APPROVED (registry on branch; do not auto-extend),NO_DATA,NO_DATA,Organizar a prova do atraso e o pedido de prazo/custo,,,KEEP_AND_IMPROVE,prazo,Wave 1 — approval path is Tiago-only (PR #10),
/lei-14133-obras/preco-item-novo-desconto-proposta/,editorial,Item novo no aditivo: como formar preço e preservar o desconto da proposta,item novo aditivo desconto,item novo desconto proposta aditivo,UNVERIFIED,https://confenge.com.br/lei-14133-obras/preco-item-novo-desconto-proposta/,"index,follow",True,False,False,,INDEXABLE,HUMAN_APPROVED (registry on branch; do not auto-extend),NO_DATA,NO_DATA,Revisar a formação de preço do item novo,,,KEEP_AND_IMPROVE,contrato,Wave 1 — approval path is Tiago-only (PR #10),
/lei-14133-obras/limite-25-50-aditivo-obra/,editorial,Limite de 25% e 50% no art. 125: o que conta no aditivo de obra,limite aditivo 25 50,limite 25% 50% aditivo obra,UNVERIFIED,https://confenge.com.br/lei-14133-obras/limite-25-50-aditivo-obra/,"index,follow",True,False,False,,INDEXABLE,HUMAN_APPROVED (registry on branch; do not auto-extend),NO_DATA,NO_DATA,Validar o saldo percentual do meu contrato,,,KEEP_AND_IMPROVE,contrato,Wave 1 — approval path is Tiago-only (PR #10),
/lei-14133-obras/parcela-incontroversa-medicao-pagamento/,editorial,Parcela incontroversa na medição: o que a Lei 14.133 manda pagar,parcela incontroversa medicao,parcela incontroversa medição pagamento,UNVERIFIED,https://confenge.com.br/lei-14133-obras/parcela-incontroversa-medicao-pagamento/,"index,follow",True,False,False,,INDEXABLE,HUMAN_APPROVED (registry on branch; do not auto-extend),NO_DATA,NO_DATA,Separar o incontroverso da glosa no meu contrato,,,KEEP_AND_IMPROVE,medicao,Wave 1 — approval path is Tiago-only (PR #10),
/lei-14133-obras/reequilibrio-reajuste-repactuacao/,editorial,"Reequilíbrio, reajuste e repactuação na Lei 14.133: qual caminho na obra",reequilibrio reajuste repactuacao,reequilíbrio reajuste repactuação obra,UNVERIFIED,https://confenge.com.br/lei-14133-obras/reequilibrio-reajuste-repactuacao/,"index,follow",True,False,False,,INDEXABLE,HUMAN_APPROVED (registry on branch; do not auto-extend),NO_DATA,NO_DATA,Enquadrar o pedido certo para o meu descompasso de custo,,,KEEP_AND_IMPROVE,pagamento,Wave 1 — approval path is Tiago-only (PR #10),
/lei-14133-obras/servico-executado-sem-termo-aditivo/,editorial,"Serviço executado sem termo aditivo: risco, prova e enquadramento na 14.133",servico sem termo aditivo,serviço executado sem termo aditivo,UNVERIFIED,https://confenge.com.br/lei-14133-obras/servico-executado-sem-termo-aditivo/,"index,follow",True,False,False,,INDEXABLE,HUMAN_APPROVED (registry on branch; do not auto-extend),NO_DATA,NO_DATA,Montar a regularização documental do serviço extra,,,KEEP_AND_IMPROVE,contrato,Wave 1 — approval path is Tiago-only (PR #10),
/vision/,legacy,Legacy /vision,Legacy /vision,,UNVERIFIED,https://confenge.com.br/vision,n/a,False,False,False,,,,NO_DATA,NO_DATA,,,,RETIRE_410,,expected 410 per _redirects; production proof separate,
/nexgen/,legacy,Legacy /nexgen,Legacy /nexgen,,UNVERIFIED,https://confenge.com.br/nexgen,n/a,False,False,False,,,,NO_DATA,NO_DATA,,,,RETIRE_410,,expected 410 per _redirects; production proof separate,
/avcbclcb/,legacy,Legacy /avcbclcb,Legacy /avcbclcb,,UNVERIFIED,https://confenge.com.br/avcbclcb,n/a,False,False,False,,,,NO_DATA,NO_DATA,,,,RETIRE_410,,expected 410 per _redirects; production proof separate,
/avaliacoes/,legacy,Legacy /avaliacoes,Legacy /avaliacoes,,UNVERIFIED,https://confenge.com.br/avaliacoes,n/a,False,False,False,,,,NO_DATA,NO_DATA,,,,RETIRE_410,,expected 410 per _redirects; production proof separate,
/ia/,legacy,Legacy /ia,Legacy /ia,,UNVERIFIED,https://confenge.com.br/ia,n/a,False,False,False,,,,NO_DATA,NO_DATA,,,,RETIRE_410,,expected 410 per _redirects; production proof separate,
/automacao/,legacy,Legacy /automacao,Legacy /automacao,,UNVERIFIED,https://confenge.com.br/automacao,n/a,False,False,False,,,,NO_DATA,NO_DATA,,,,RETIRE_410,,expected 410 per _redirects; production proof separate,
/blog/,legacy,Legacy /blog,Legacy /blog,,UNVERIFIED,https://confenge.com.br/blog,n/a,False,False,False,,,,NO_DATA,NO_DATA,,,,REDIRECT_301,,expected 301 per _redirects; production proof separate,
/servicos/,legacy,Legacy /servicos,Legacy /servicos,,UNVERIFIED,https://confenge.com.br/servicos,n/a,False,False,False,,,,NO_DATA,NO_DATA,,,,REDIRECT_301,,expected 301 per _redirects; production proof separate,
/contato/,legacy,Legacy /contato,Legacy /contato,,UNVERIFIED,https://confenge.com.br/contato,n/a,False,False,False,,,,NO_DATA,NO_DATA,,,,REDIRECT_301,,expected 301 per _redirects; production proof separate,
