# exemplo demonstrativo; revisao=R01
id;quantidade_id;servico;unidade;quantidade;preco_unitario;valor;classe_preco;elementos;revisao
ORC-PISO-01;Q-PISO-01;Revestimento cerâmico de piso, inclusive argamassa colante;m2;4.32;85.00;367.20;hypothetical;SL-01;R01
ORC-PAR-01;Q-PAR-01;Revestimento cerâmico de parede, inclusive argamassa colante;m2;19.60;92.00;1803.20;hypothetical;W-01 W-02 W-03 W-04 D-01 WN-01;R01
ORC-IMP-01;Q-IMP-01;Impermeabilização de piso e rodapé molhado;m2;6.84;48.00;328.32;hypothetical;SL-01 W-01 W-02 W-03 W-04;R01
ORC-CTR-01;Q-CTR-01;Contrpiso de regularização;m3;0.1296;420.00;54.43;hypothetical;SL-01;R01
ORC-PRT-01;Q-PRT-01;Porta de madeira, folha e batente, sem ferragem especial;un;1;890.00;890.00;hypothetical;D-01;R01
ORC-JAN-01;Q-JAN-01;Janela de alumínio do recorte, sem vidro especial;un;1;640.00;640.00;hypothetical;WN-01;R01
ORC-ROD-01;Q-ROD-01;Rodapé cerâmico;m;7.60;22.00;167.20;hypothetical;D-01 W-01 W-02 W-03 W-04;R01
ORC-SUBTOTAL;;Subtotal do recorte;BRL;;;4250.35;hypothetical;;R01
